# Variables,,,,,
"# Data variables follow that are preceded by ""##"" in columns one and two.",,,,,
"# Variables list, one per line, shortname-tab-longname components (9 components: what, material, error, units, seasonality, archive, detail, method, C or N for Character or Numeric data)",,,,,
#,,,,,
"## age_AD age, , , years AD, , , , ,N",,,,,
"## nao_mc_mean model-constrained multi-proxy ensemble NAO mean ,,,standardised units,winter (DJF),Climate Reconstructions,ensemble of 100 model-constrained NAO reconstructions,,N",,,,,
"## nao_mc_min model-constrained multi-proxy ensemble NAO minimum,,,standardised units,winter (DJF),Climate Reconstructions,ensemble spread,,N",,,,,
"## nao_mc_max model-constrained multi-proxy ensemble NAO maximum,,,standardised units,winter (DJF),Climate Reconstructions,ensemble spread,,N",,,,,
"## nao_mc_mean-2SE regression uncertainty as departure from the ensemble mean of -2 standard errors ,,2 standard errors of the regression,standardised units,winter (DJF),Climate Reconstructions,regression errors,,N",,,,,
"## nao_mc_mean+2SE regression uncertainty as departure from the ensemble mean of 2 standard errors ,,2 standard errors of the regression,standardised units,winter (DJF),Climate Reconstructions,regression errors,,N",,,,,
#,,,,,
#------------------------,,,,,
Year,nao_mc_mean,nao_mc_min,nao_mc_max,nao_mc_mean-2SE,nao_mc_mean+2SE
1969,-1.535,-1.771,-1.24,-3.977,0.966
1968,-0.369,-0.829,0.126,-3.035,2.333
1967,-0.572,-1.304,-0.168,-3.51,2.038
1966,-1.525,-1.915,-1.212,-4.121,0.995
1965,-1.103,-1.602,-0.554,-3.809,1.652
1964,-2.085,-2.509,-1.653,-4.715,0.554
1963,-2.275,-2.852,-1.558,-5.058,0.648
1962,-2.261,-2.669,-1.314,-4.875,0.892
1961,-1.837,-2.314,-1.31,-4.52,0.896
1960,-1.754,-2.218,-1.271,-4.424,0.935
1959,-1.84,-2.272,-1.351,-4.478,0.856
1958,-1.436,-2.022,-0.541,-4.229,1.666
1957,-0.66,-1.291,0.064,-3.498,2.27
1956,-1.053,-1.615,-0.355,-3.821,1.851
1955,-1.195,-1.588,-0.87,-3.794,1.336
1954,-0.976,-1.232,-0.719,-3.438,1.487
1953,-1.373,-1.694,-0.902,-3.901,1.304
1952,-0.387,-0.6,-0.102,-2.806,2.105
1951,-0.098,-0.625,0.436,-2.831,2.642
1950,-0.072,-0.391,0.246,-2.597,2.452
1949,-0.524,-0.795,-0.232,-3.001,1.974
1948,-1.129,-1.487,-0.73,-3.694,1.477
1947,-1.639,-2.199,-1.146,-4.405,1.06
1946,-1.379,-1.794,-1.051,-4,1.155
1945,-0.125,-0.601,0.653,-2.807,2.859
1944,-0.509,-0.999,-0.108,-3.205,2.098
1943,-0.645,-1.168,-0.164,-3.374,2.042
1942,-2.169,-2.634,-1.408,-4.84,0.799
1941,-0.336,-0.927,0.576,-3.133,2.782
1940,-2.527,-3.193,-1.663,-5.4,0.544
1939,-0.108,-0.418,0.373,-2.624,2.579
1938,-0.339,-0.859,0.556,-3.065,2.763
1937,0.352,-0.087,0.82,-2.294,3.026
1936,-0.75,-1.231,0.104,-3.437,2.31
1935,-1.018,-1.437,-0.392,-3.644,1.814
1934,-1.172,-1.638,-0.602,-3.845,1.604
1933,0.228,-0.102,0.489,-2.308,2.696
1932,-1.018,-1.583,-0.385,-3.789,1.822
1931,0.091,-0.247,0.449,-2.453,2.656
1930,0.337,0.063,0.485,-2.144,2.691
1929,-0.746,-1.278,-0.248,-3.485,1.958
1928,0.401,-0.091,0.72,-2.298,2.926
1927,0.831,0.426,1.08,-1.78,3.286
1926,0.841,0.272,1.267,-1.934,3.473
1925,1.601,1.172,1.96,-1.034,4.167
1924,0.572,-0.038,1,-2.244,3.206
1923,0.315,-0.314,0.893,-2.521,3.099
1922,1.042,0.221,1.724,-1.985,3.931
1921,1.057,0.592,1.565,-1.614,3.772
1920,1.658,1.236,2.154,-0.97,4.36
1919,2.03,1.566,2.593,-0.641,4.799
1918,1.583,1.114,1.988,-1.093,4.194
1917,-0.166,-0.623,0.48,-2.829,2.686
1916,0.282,-0.375,0.863,-2.581,3.069
1915,1.768,1.388,2.295,-0.819,4.501
1914,1.871,1.278,2.226,-0.928,4.432
1913,1.685,1.277,2.141,-0.929,4.347
1912,0.347,-0.056,0.661,-2.263,2.867
1911,0.949,0.603,1.229,-1.603,3.436
1910,0.986,0.774,1.308,-1.432,3.515
1909,0.073,-0.3,0.515,-2.506,2.722
1908,0.427,-0.21,0.971,-2.416,3.177
1907,2.347,1.988,2.718,-0.218,4.925
1906,1.686,1.088,2.324,-1.118,4.53
1905,1.891,1.466,2.479,-0.741,4.685
1904,1.041,0.198,1.745,-2.009,3.951
1903,0.864,0.075,1.617,-2.131,3.823
1902,0.771,0.303,1.362,-1.903,3.568
1901,0.561,0.061,0.979,-2.146,3.186
1900,1.591,1.384,1.976,-0.822,4.182
1899,0.201,-0.273,0.583,-2.479,2.789
1898,0.669,0.228,1.211,-1.978,3.417
1897,0.695,0.139,1.262,-2.067,3.468
1896,0.586,0.058,1.062,-2.149,3.268
1895,-1.187,-1.659,-0.756,-3.865,1.45
1894,0.006,-0.348,0.79,-2.555,2.996
1893,-0.431,-0.87,0.575,-3.077,2.781
1892,-0.05,-0.453,0.717,-2.659,2.924
1891,0.373,-0.006,0.747,-2.212,2.953
1890,0.049,-0.443,0.305,-2.649,2.511
1889,-0.26,-0.773,0.11,-2.98,2.316
1888,-0.526,-1.003,0.183,-3.209,2.389
1887,-0.698,-1.27,-0.173,-3.476,2.033
1886,0.341,-0.313,1.209,-2.519,3.415
1885,0.642,-0.055,1.323,-2.262,3.53
1884,0.216,-0.36,0.671,-2.567,2.877
1883,0.42,-0.088,0.859,-2.294,3.066
1882,0.835,0.296,1.377,-1.911,3.583
1881,-0.454,-0.925,-0.199,-3.131,2.008
1880,0.289,0.077,0.516,-2.129,2.722
1879,-0.468,-0.946,-0.128,-3.152,2.079
1878,0.262,-0.16,0.596,-2.366,2.802
1877,0.15,-0.448,0.402,-2.655,2.608
1876,-0.843,-1.433,-0.475,-3.639,1.732
1875,-0.576,-1.021,-0.213,-3.228,1.994
1874,1.518,1.215,1.848,-0.991,4.054
1873,0.016,-0.349,0.246,-2.555,2.452
1872,-0.267,-0.635,0.146,-2.841,2.352
1871,-0.862,-1.303,-0.199,-3.509,2.007
1870,0.125,-0.327,0.525,-2.533,2.732
1869,0.645,0.19,0.947,-2.016,3.153
1868,0.153,-0.051,0.362,-2.258,2.568
1867,1.211,0.937,1.482,-1.269,3.689
1866,0.891,0.658,1.126,-1.548,3.332
1865,0.934,0.536,1.207,-1.67,3.413
1864,1.61,1.343,2.329,-0.864,4.536
1863,1.473,1.16,1.671,-1.047,3.877
1862,0.664,0.379,0.907,-1.828,3.113
1861,0.304,0.047,0.68,-2.159,2.887
1860,0.439,0.035,0.943,-2.172,3.15
1859,0.592,0.299,1.029,-1.907,3.235
1858,0.814,0.232,1.22,-1.975,3.426
1857,0.794,0.261,1.171,-1.945,3.378
1856,-0.408,-0.908,-0.106,-3.114,2.1
1855,-0.303,-0.673,-0.032,-2.879,2.174
1854,-0.164,-0.392,0.011,-2.598,2.217
1853,-0.745,-1.209,-0.43,-3.415,1.776
1852,-1.07,-1.495,-0.713,-3.701,1.494
1851,-1.004,-1.557,-0.576,-3.763,1.631
1850,-0.321,-0.846,0.024,-3.052,2.23
1849,0.348,-0.099,0.711,-2.306,2.918
1848,0.309,-0.132,0.629,-2.339,2.836
1847,-1.428,-1.998,-1.021,-4.204,1.185
1846,-0.467,-0.96,-0.162,-3.166,2.044
1845,0.15,-0.359,0.418,-2.566,2.624
1844,0.465,-0.079,0.791,-2.286,2.998
1843,-0.026,-0.58,0.264,-2.786,2.47
1842,0.558,-0.154,0.974,-2.36,3.181
1841,-0.134,-0.639,0.164,-2.846,2.37
1840,-0.631,-1.126,-0.322,-3.332,1.885
1839,-0.668,-0.94,-0.452,-3.147,1.754
1838,-0.576,-0.82,-0.366,-3.027,1.84
1837,0.211,-0.365,1.025,-2.571,3.232
1836,0.202,-0.453,0.615,-2.66,2.821
1835,1.03,0.288,1.718,-1.918,3.924
1834,1.214,0.61,1.709,-1.596,3.915
1833,0.337,0.034,0.623,-2.172,2.829
1832,0.193,-0.327,0.503,-2.533,2.71
1831,-0.299,-0.665,0.002,-2.871,2.208
1830,-0.425,-0.765,-0.162,-2.972,2.044
1829,0.051,-0.45,0.266,-2.656,2.473
1828,-0.168,-0.932,0.104,-3.138,2.31
1827,0.293,0.128,0.473,-2.078,2.68
1826,0.587,0.357,0.795,-1.85,3.001
1825,0.647,0.44,0.824,-1.767,3.03
1824,0.156,-0.234,0.4,-2.441,2.606
1823,0.658,0.496,0.791,-1.711,2.998
1822,1.233,0.992,1.587,-1.215,3.793
1821,0.247,-0.13,0.461,-2.336,2.668
1820,-0.096,-0.412,0.086,-2.618,2.293
1819,0.538,0.253,0.769,-1.954,2.975
1818,1.235,0.871,1.739,-1.335,3.945
1817,0.461,0.151,0.964,-2.055,3.17
1816,-0.165,-0.452,0.169,-2.658,2.376
1815,-0.324,-0.62,-0.098,-2.826,2.109
1814,0.705,0.28,0.981,-1.927,3.187
1813,1.665,1.076,2.086,-1.131,4.293
1812,-0.291,-0.645,0.073,-2.851,2.279
1811,0.375,-0.1,0.769,-2.306,2.976
1810,-0.132,-0.647,0.289,-2.853,2.495
1809,-0.582,-1.217,-0.253,-3.423,1.954
1808,-0.655,-1.268,-0.286,-3.475,1.921
1807,-0.161,-1.108,0.348,-3.315,2.554
1806,-0.266,-0.818,0.09,-3.024,2.297
1805,-1.245,-1.79,-0.675,-3.996,1.531
1804,-0.526,-0.959,-0.164,-3.165,2.042
1803,0.366,-0.044,0.984,-2.25,3.19
1802,-0.24,-0.615,0.095,-2.821,2.302
1801,-0.075,-0.398,0.124,-2.604,2.33
1800,-1.599,-1.879,-1.216,-4.086,0.991
1799,-0.735,-0.962,-0.301,-3.169,1.905
1798,0.011,-0.25,0.219,-2.456,2.425
1797,-0.192,-0.82,0.114,-3.027,2.32
1796,0.264,-0.085,0.43,-2.291,2.636
1795,-0.536,-1.122,-0.097,-3.328,2.11
1794,0.519,0.149,0.849,-2.057,3.055
1793,0.522,-0.049,0.971,-2.255,3.177
1792,-1.427,-1.643,-1.154,-3.85,1.053
1791,-0.502,-0.83,0.016,-3.036,2.223
1790,-1.23,-1.626,-1.053,-3.832,1.154
1789,-1.005,-1.264,-0.622,-3.47,1.584
1788,-0.706,-1.172,-0.255,-3.379,1.952
1787,-1.83,-2.423,-1.354,-4.63,0.853
1786,-1.5,-1.844,-1.159,-4.05,1.047
1785,-1.433,-1.951,-0.985,-4.157,1.221
1784,-1.359,-2.09,-0.734,-4.296,1.472
1783,-0.258,-0.913,0.482,-3.119,2.688
1782,-0.944,-1.431,-0.545,-3.638,1.662
1781,0.499,-0.09,1.044,-2.297,3.25
1780,-0.725,-1.216,-0.415,-3.423,1.791
1779,-0.203,-0.545,0.506,-2.751,2.713
1778,-0.107,-0.468,0.173,-2.674,2.379
1777,-0.767,-1.226,-0.204,-3.432,2.002
1776,-0.912,-1.124,-0.679,-3.331,1.527
1775,-1.679,-2.038,-1.372,-4.244,0.834
1774,-0.71,-1.061,-0.455,-3.267,1.751
1773,-1.085,-1.336,-0.87,-3.543,1.337
1772,-2.014,-2.338,-1.731,-4.544,0.476
1771,-0.649,-1.053,-0.368,-3.259,1.838
1770,-0.46,-1.114,-0.114,-3.32,2.093
1769,-1.645,-2.332,-1.171,-4.538,1.035
1768,-1.092,-1.847,-0.668,-4.054,1.539
1767,-1.072,-1.809,-0.61,-4.015,1.596
1766,-1.398,-2.072,-0.998,-4.278,1.209
1765,-1.106,-1.846,-0.624,-4.053,1.582
1764,-0.676,-1.378,-0.273,-3.584,1.933
1763,-1.733,-2.207,-1.319,-4.413,0.887
1762,-1.374,-1.966,-0.792,-4.172,1.414
1761,0.391,-0.481,1.202,-2.688,3.408
1760,-0.834,-1.457,-0.431,-3.664,1.775
1759,0.219,-0.358,0.513,-2.564,2.719
1758,0.197,-0.496,0.616,-2.702,2.822
1757,-0.209,-0.778,0.151,-2.984,2.358
1756,0.474,-0.11,0.784,-2.316,2.99
1755,-0.337,-0.79,-0.035,-2.996,2.171
1754,0.173,-0.566,0.606,-2.773,2.812
1753,-1.315,-1.955,-0.956,-4.162,1.25
1752,-0.761,-1.584,-0.267,-3.79,1.94
1751,-0.078,-0.778,0.312,-2.984,2.519
1750,0.274,-0.428,0.708,-2.634,2.915
1749,0.219,-0.334,0.519,-2.54,2.725
1748,-0.955,-1.46,-0.413,-3.666,1.794
1747,0.143,-0.313,0.5,-2.52,2.706
1746,0.432,-0.123,0.706,-2.33,2.913
1745,-0.183,-0.719,0.219,-2.926,2.426
1744,0.601,-0.122,1.002,-2.328,3.209
1743,0.062,-0.739,0.669,-2.945,2.875
1742,0.127,-0.797,0.649,-3.004,2.855
1741,0.353,-0.854,1.012,-3.061,3.219
1740,-0.62,-1.612,-0.02,-3.818,2.186
1739,-0.137,-0.84,0.61,-3.046,2.817
1738,1.057,0.57,1.511,-1.637,3.717
1737,0.83,0.377,1.365,-1.829,3.572
1736,-0.286,-0.591,-0.115,-2.797,2.092
1735,0.796,0.427,1.201,-1.78,3.408
1734,0.559,0.105,0.815,-2.101,3.022
1733,-0.309,-0.679,-0.077,-2.885,2.129
1732,-0.967,-1.456,-0.625,-3.663,1.582
1731,-1.106,-1.788,-0.673,-3.995,1.533
1730,-1.19,-1.899,-0.745,-4.106,1.461
1729,-0.76,-1.289,-0.464,-3.496,1.742
1728,-0.492,-1.041,-0.116,-3.247,2.09
1727,-0.71,-1.23,-0.323,-3.436,1.883
1726,-0.743,-1.317,-0.281,-3.523,1.926
1725,-0.361,-0.921,-0.032,-3.127,2.174
1724,-0.18,-0.659,0.202,-2.865,2.408
1723,0.481,-0.193,1.213,-2.399,3.419
1722,-0.261,-0.887,0.376,-3.094,2.583
1721,0.913,0.189,1.522,-2.017,3.728
1720,-0.179,-0.67,0.133,-2.876,2.339
1719,-0.5,-1.011,-0.121,-3.218,2.086
1718,-0.201,-0.75,0.884,-2.957,3.091
1717,-0.975,-1.526,-0.571,-3.732,1.636
1716,-0.676,-1.338,-0.288,-3.544,1.919
1715,-0.381,-1.057,-0.03,-3.264,2.176
1714,0.264,-0.483,0.713,-2.69,2.92
1713,0.412,-0.353,0.837,-2.559,3.044
1712,-0.419,-0.987,0.052,-3.193,2.258
1711,-0.233,-0.798,0.192,-3.005,2.399
1710,-1.162,-1.681,-0.824,-3.887,1.382
1709,-0.01,-0.573,0.321,-2.779,2.528
1708,-0.056,-0.448,0.24,-2.654,2.446
1707,0.178,-0.232,0.503,-2.438,2.71
1706,0.291,-0.135,0.7,-2.342,2.907
1705,0.786,0.367,1.132,-1.839,3.338
1704,0.106,-0.651,0.53,-2.857,2.736
1703,0.203,-0.127,0.586,-2.334,2.792
1702,-0.616,-0.865,-0.169,-3.072,2.037
1701,0.421,0.038,0.965,-2.168,3.172
1700,0.299,-0.401,0.765,-2.607,2.971
1699,0.859,-0.15,1.425,-2.356,3.632
1698,-0.048,-0.948,0.414,-3.154,2.62
1697,0.339,-0.678,0.936,-2.884,3.143
1696,0.216,-0.699,0.783,-2.905,2.99
1695,-0.137,-0.851,0.257,-3.057,2.463
1694,0.765,0.064,1.145,-2.142,3.351
1693,0.425,-0.094,0.766,-2.3,2.972
1692,-1.215,-1.996,-0.756,-4.203,1.451
1691,-0.042,-0.584,0.279,-2.79,2.485
1690,0.046,-0.6,0.528,-2.806,2.734
1689,0.703,0.095,1.059,-2.111,3.265
1688,-0.191,-0.708,0.125,-2.914,2.331
1687,-0.561,-1.154,-0.143,-3.36,2.063
1686,0.371,-0.448,0.983,-2.655,3.189
1685,-0.322,-0.773,0.059,-2.979,2.266
1684,-2.11,-2.854,-1.543,-5.06,0.663
1683,-0.125,-0.753,0.346,-2.96,2.552
1682,0.75,0.277,1.001,-1.929,3.208
1681,-0.19,-0.601,0.199,-2.807,2.405
1680,0.24,-0.129,1.141,-2.335,3.347
1679,-0.608,-1.053,-0.29,-3.259,1.916
1678,-0.373,-0.996,0.013,-3.202,2.219
1677,0.368,-0.23,0.852,-2.436,3.058
1676,0.44,-0.271,0.772,-2.477,2.979
1675,-0.768,-1.517,-0.304,-3.723,1.902
1674,-1.393,-2.077,-1.012,-4.283,1.194
1673,-0.255,-0.856,0.113,-3.062,2.319
1672,-0.036,-0.604,0.297,-2.81,2.503
1671,0.344,-0.186,0.683,-2.392,2.89
1670,-0.456,-0.968,-0.089,-3.174,2.117
1669,-0.028,-0.49,0.284,-2.696,2.49
1668,0.634,-0.216,0.964,-2.422,3.17
1667,-1.864,-2.287,-1.454,-4.493,0.753
1666,-0.916,-1.165,-0.613,-3.371,1.593
1665,-0.949,-1.156,-0.752,-3.363,1.455
1664,-0.646,-0.912,-0.455,-3.118,1.751
1663,-0.63,-1.04,-0.338,-3.246,1.868
1662,0.464,0.027,0.845,-2.18,3.051
1661,0.521,0.098,0.79,-2.109,2.996
1660,-0.33,-0.792,0.13,-2.999,2.336
1659,0.743,0.24,1.052,-1.966,3.258
1658,0.298,-0.189,0.652,-2.395,2.859
1657,-0.535,-1.141,-0.168,-3.348,2.038
1656,0.623,0.158,0.929,-2.049,3.135
1655,-0.123,-0.355,0.144,-2.561,2.35
1654,0.371,-0.079,0.707,-2.285,2.913
1653,0.307,0.017,0.909,-2.189,3.115
1652,-0.385,-0.691,-0.002,-2.897,2.205
1651,0.356,0.073,0.741,-2.133,2.947
1650,0.182,-0.178,0.682,-2.384,2.888
1649,-0.175,-0.573,0.127,-2.78,2.333
1648,1.164,0.834,1.443,-1.373,3.65
1647,1.059,0.519,1.407,-1.687,3.613
1646,0.609,0.185,0.911,-2.021,3.118
1645,1.482,1.163,1.713,-1.043,3.92
1644,1.794,1.577,2.296,-0.629,4.503
1643,1.73,1.019,2.116,-1.187,4.322
1642,2.207,1.423,2.648,-0.783,4.854
1641,0.818,0.189,1.222,-2.017,3.428
1640,1.3,0.617,1.783,-1.589,3.989
1639,0.871,0.245,1.368,-1.961,3.574
1638,1.97,1.405,2.346,-0.801,4.552
1637,1.356,1.11,1.518,-1.096,3.725
1636,1.314,1.041,1.539,-1.165,3.745
1635,0.244,-0.112,0.5,-2.318,2.706
1634,1.018,0.654,1.482,-1.553,3.688
1633,0.498,0.045,0.775,-2.162,2.981
1632,0.095,-0.264,0.432,-2.471,2.638
1631,0.412,0.053,0.659,-2.154,2.866
1630,-0.59,-1.021,-0.195,-3.228,2.012
1629,0.377,0.228,0.557,-1.978,2.764
1628,0.202,-0.06,0.582,-2.266,2.788
1627,0.387,-0.017,1.033,-2.223,3.24
1626,-0.355,-0.692,0.185,-2.898,2.392
1625,-0.695,-1.138,0.178,-3.345,2.385
1624,-0.876,-1.217,-0.503,-3.424,1.704
1623,-0.225,-0.508,-0.035,-2.714,2.171
1622,-1.063,-1.418,-0.663,-3.625,1.544
1621,-0.853,-1.272,-0.449,-3.478,1.757
1620,-0.976,-1.292,-0.667,-3.499,1.54
1619,-1.399,-1.698,-0.727,-3.905,1.479
1618,-1.808,-2.146,-1.009,-4.353,1.197
1617,-1.752,-2.068,-1.469,-4.274,0.737
1616,-1.435,-1.782,-0.933,-3.988,1.274
1615,-1.544,-1.884,-1.276,-4.09,0.93
1614,-1.164,-1.516,-0.876,-3.723,1.33
1613,-1.468,-1.843,-1.142,-4.049,1.064
1612,-1.438,-1.951,-0.849,-4.158,1.357
1611,-1.495,-1.975,-1.067,-4.182,1.139
1610,-1.278,-1.886,-0.185,-4.093,2.021
1609,-0.787,-1.279,-0.48,-3.485,1.726
1608,-1.098,-1.657,-0.613,-3.863,1.594
1607,-0.936,-1.462,-0.283,-3.669,1.924
1606,-1.396,-1.69,-1.065,-3.897,1.141
1605,-0.114,-0.451,0.761,-2.658,2.967
1604,-0.544,-0.882,-0.152,-3.088,2.055
1603,-0.912,-1.294,-0.295,-3.501,1.912
1602,0.093,-0.948,0.644,-3.154,2.85
1601,-0.857,-1.302,-0.446,-3.508,1.76
1600,-0.603,-0.955,-0.193,-3.161,2.014
1599,-0.015,-0.443,0.271,-2.649,2.478
1598,0.142,-0.296,0.671,-2.503,2.878
1597,-1.005,-1.4,-0.408,-3.606,1.799
1596,-0.823,-1.238,-0.478,-3.445,1.729
1595,-0.626,-0.996,-0.411,-3.203,1.795
1594,-0.573,-1.194,-0.208,-3.4,1.998
1593,1.175,0.363,1.608,-1.843,3.815
1592,-0.063,-0.71,0.32,-2.916,2.526
1591,0.233,-0.364,0.714,-2.571,2.921
1590,-0.734,-1.013,-0.209,-3.219,1.998
1589,-0.035,-0.404,0.37,-2.61,2.576
1588,-0.359,-0.702,-0.116,-2.909,2.091
1587,-1.53,-2.121,-1.224,-4.328,0.982
1586,-0.343,-0.63,0.017,-2.836,2.224
1585,-0.732,-1.032,-0.274,-3.239,1.932
1584,0.336,0.115,0.595,-2.091,2.801
1583,0.593,0.175,0.933,-2.031,3.139
1582,0.361,-0.389,0.781,-2.596,2.987
1581,0.191,-0.257,0.652,-2.463,2.859
1580,-0.091,-0.436,0.401,-2.643,2.608
1579,0.38,-0.007,0.687,-2.213,2.893
1578,-0.216,-0.762,0.063,-2.968,2.269
1577,-0.345,-0.794,0.021,-3,2.227
1576,0.456,0.125,0.989,-2.081,3.196
1575,0.445,0.146,0.729,-2.061,2.936
1574,0.623,0.253,0.861,-1.953,3.067
1573,0.424,-0.11,0.734,-2.317,2.94
1572,1.453,1.199,1.649,-1.007,3.855
1571,0.655,0.106,1.068,-2.1,3.275
1570,-0.892,-1.4,-0.471,-3.607,1.735
1569,-0.574,-0.964,-0.238,-3.171,1.969
1568,0.491,-0.127,1.102,-2.333,3.308
1567,-0.418,-1.366,0.146,-3.573,2.352
1566,0.157,-0.557,0.606,-2.763,2.812
1565,-0.561,-1.154,-0.002,-3.36,2.204
1564,-0.325,-0.849,0.105,-3.055,2.311
1563,-0.478,-0.932,-0.195,-3.138,2.011
1562,-0.349,-0.902,0.143,-3.108,2.349
1561,0.974,0.297,1.498,-1.909,3.705
1560,-0.225,-0.646,0.432,-2.852,2.638
1559,-0.074,-0.538,0.539,-2.745,2.746
1558,-0.07,-0.462,0.385,-2.669,2.591
1557,-0.202,-0.609,0.191,-2.815,2.398
1556,-0.28,-0.619,-0.069,-2.826,2.137
1555,-0.593,-0.805,-0.359,-3.011,1.847
1554,-0.991,-1.376,-0.712,-3.582,1.494
1553,-0.674,-0.927,-0.474,-3.134,1.733
1552,-1.366,-1.637,-0.981,-3.843,1.225
1551,-0.325,-0.514,-0.075,-2.72,2.131
1550,0.501,0.278,0.713,-1.928,2.92
1549,0.113,-0.2,0.34,-2.407,2.546
1548,0.28,-0.05,0.543,-2.256,2.749
1547,0.299,0.094,0.548,-2.112,2.754
1546,1.021,0.72,1.322,-1.486,3.528
1545,2.152,1.574,2.827,-0.632,5.034
1544,0.111,-0.138,0.311,-2.344,2.518
1543,0.011,-0.203,0.388,-2.409,2.595
1542,0.589,0.194,0.859,-2.013,3.065
1541,0.367,-0.193,0.879,-2.4,3.085
1540,0.89,0.264,1.309,-1.943,3.516
1539,0.228,-0.482,0.667,-2.688,2.873
1538,-0.093,-0.587,0.224,-2.794,2.431
1537,-0.11,-0.6,0.206,-2.806,2.413
1536,0.952,0.479,1.421,-1.727,3.627
1535,0.702,-0.168,1.211,-2.374,3.417
1534,-0.03,-0.716,0.523,-2.922,2.729
1533,-0.394,-1.079,0.154,-3.286,2.36
1532,-0.518,-0.981,-0.244,-3.187,1.962
1531,-0.093,-0.592,0.287,-2.799,2.493
1530,-0.992,-1.354,-0.616,-3.561,1.591
1529,-0.219,-0.645,0.44,-2.851,2.646
1528,0.2,-0.163,0.566,-2.369,2.773
1527,-0.017,-0.264,0.469,-2.471,2.675
1526,1.568,1.129,2.051,-1.077,4.258
1525,0.966,0.409,1.369,-1.798,3.575
1524,0.532,0.356,0.769,-1.85,2.975
1523,0.584,-0.03,0.945,-2.236,3.152
1522,0.882,0.319,1.137,-1.887,3.343
1521,0.505,-0.091,0.804,-2.298,3.01
1520,0.981,0.495,1.289,-1.712,3.496
1519,0.298,0.062,0.7,-2.144,2.907
1518,0.254,0.028,0.766,-2.178,2.972
1517,0.048,-0.25,0.363,-2.456,2.57
1516,-0.042,-0.396,0.231,-2.602,2.437
1515,0.316,-0.287,0.549,-2.494,2.755
1514,0.255,-0.035,0.47,-2.242,2.677
1513,0.246,-0.181,0.554,-2.387,2.761
1512,0.196,-0.452,0.82,-2.658,3.026
1511,0.998,0.531,1.36,-1.675,3.567
1510,0.063,-0.603,0.458,-2.81,2.664
1509,0.587,-0.077,1.01,-2.283,3.216
1508,0.968,0.359,1.435,-1.847,3.641
1507,-0.322,-0.736,-0.003,-2.942,2.203
1506,0.061,-0.332,0.435,-2.539,2.641
1505,0.187,-0.249,0.565,-2.455,2.772
1504,-0.646,-1.017,-0.356,-3.224,1.851
1503,-0.046,-0.356,0.308,-2.562,2.515
1502,0.06,-0.224,0.288,-2.43,2.494
1501,-0.48,-0.71,-0.238,-2.916,1.968
1500,1.134,0.774,1.434,-1.432,3.64
1499,0.225,-0.207,0.537,-2.414,2.743
1498,0.181,-0.382,0.53,-2.589,2.736
1497,0.082,-0.548,0.516,-2.754,2.723
1496,0.116,-0.436,0.665,-2.643,2.871
1495,-0.274,-0.801,0.276,-3.008,2.482
1494,0.672,0.091,1.147,-2.115,3.353
1493,1.386,0.946,1.715,-1.26,3.921
1492,0.41,-0.16,0.753,-2.367,2.959
1491,-1.036,-1.682,-0.496,-3.889,1.71
1490,-0.256,-0.464,0.054,-2.67,2.26
1489,-0.261,-0.771,0.117,-2.978,2.323
1488,-0.907,-1.201,-0.457,-3.408,1.75
1487,-0.304,-0.74,0.168,-2.947,2.374
1486,-0.075,-0.627,0.535,-2.833,2.742
1485,-0.114,-0.547,0.321,-2.754,2.527
1484,0.355,-0.123,0.619,-2.329,2.825
1483,0.837,0.255,1.166,-1.952,3.372
1482,0.787,-0.043,1.239,-2.249,3.445
1481,-0.041,-0.335,0.169,-2.541,2.375
1480,-0.325,-0.595,-0.126,-2.801,2.08
1479,0.056,-0.215,0.291,-2.421,2.498
1478,-0.057,-0.353,0.445,-2.559,2.651
1477,0.702,0.238,1.117,-1.969,3.323
1476,-0.428,-0.744,-0.049,-2.951,2.158
1475,-0.558,-1.024,0.153,-3.23,2.36
1474,0.829,0.104,1.631,-2.102,3.837
1473,0.764,0.263,1.538,-1.943,3.744
1472,-0.571,-0.972,0.484,-3.178,2.691
1471,-0.362,-0.657,0.401,-2.864,2.607
1470,-0.852,-1.107,-0.503,-3.314,1.703
1469,0.101,-0.439,0.755,-2.646,2.961
1468,-0.023,-0.529,0.827,-2.735,3.033
1467,0.434,0.078,1.161,-2.128,3.368
1466,-0.606,-0.884,-0.261,-3.091,1.945
1465,-0.611,-1.01,-0.18,-3.216,2.026
1464,-0.501,-1.002,-0.092,-3.208,2.114
1463,-0.362,-0.7,-0.042,-2.907,2.164
1462,-1.093,-1.54,-0.76,-3.746,1.446
1461,0.201,-0.302,0.683,-2.508,2.889
1460,-0.417,-0.836,0.21,-3.042,2.416
1459,-0.585,-1.054,-0.158,-3.261,2.048
1458,-1.827,-2.288,-1.175,-4.494,1.032
1457,-1.974,-2.246,-1.724,-4.453,0.482
1456,-1.123,-1.428,-0.712,-3.635,1.494
1455,-0.195,-0.691,0.439,-2.897,2.646
1454,-1.02,-1.471,-0.435,-3.678,1.771
1453,-1.023,-1.405,-0.25,-3.611,1.957
1452,-0.898,-1.305,-0.481,-3.511,1.725
1451,-1.279,-1.598,-0.951,-3.804,1.256
1450,-0.445,-0.849,0.205,-3.056,2.412
1449,-0.701,-1.146,-0.133,-3.352,2.073
1448,-0.899,-1.397,-0.613,-3.603,1.593
1447,-0.96,-1.346,-0.683,-3.552,1.524
1446,-0.475,-0.93,-0.122,-3.137,2.084
1445,-0.334,-1.059,-0.017,-3.265,2.19
1444,-0.438,-0.827,-0.133,-3.033,2.073
1443,-1.287,-1.714,-0.906,-3.92,1.3
1442,0.028,-0.456,0.332,-2.663,2.539
1441,0.078,-0.449,0.489,-2.655,2.695
1440,0.006,-0.509,0.446,-2.715,2.652
1439,-1.086,-1.446,-0.704,-3.652,1.502
1438,-0.02,-0.6,0.58,-2.806,2.787
1437,-1.218,-1.535,-0.499,-3.741,1.707
1436,-0.225,-0.624,0.079,-2.83,2.285
1435,-0.794,-1.063,-0.537,-3.27,1.669
1434,0.419,0.111,0.955,-2.095,3.162
1433,0.721,0.311,0.934,-1.895,3.14
1432,-0.727,-1.3,-0.308,-3.506,1.899
1431,0.284,-0.063,0.515,-2.27,2.721
1430,-0.448,-0.821,-0.093,-3.027,2.114
1429,0.032,-0.209,0.523,-2.416,2.729
1428,1.134,0.74,1.698,-1.466,3.904
1427,-0.717,-0.942,-0.409,-3.148,1.797
1426,0.235,-0.059,0.954,-2.265,3.16
1425,0.33,0.039,0.654,-2.167,2.86
1424,-0.082,-0.294,0.247,-2.5,2.453
1423,-0.188,-0.495,0.563,-2.701,2.769
1422,0.81,0.435,1.459,-1.772,3.665
1421,0.279,0.084,0.464,-2.122,2.67
1420,0.076,-0.542,0.502,-2.749,2.709
1419,-0.688,-1.323,-0.25,-3.529,1.956
1418,-0.387,-0.976,0.027,-3.182,2.234
1417,0.79,0.442,1.052,-1.764,3.258
1416,0.336,-0.237,0.645,-2.443,2.851
1415,1.052,0.639,1.382,-1.567,3.588
1414,-0.63,-0.93,-0.373,-3.136,1.834
1413,0.801,0.355,1.08,-1.852,3.286
1412,0.119,-0.349,0.34,-2.555,2.546
1411,-0.413,-0.761,-0.074,-2.967,2.133
1410,-0.306,-0.764,0.01,-2.97,2.216
1409,-0.24,-0.544,0.218,-2.75,2.425
1408,-0.883,-1.297,-0.186,-3.503,2.02
1407,-0.203,-0.727,0.232,-2.934,2.439
1406,-0.376,-0.753,-0.018,-2.959,2.189
1405,1.297,0.927,1.635,-1.28,3.841
1404,0.448,0.124,0.806,-2.083,3.012
1403,-0.219,-0.482,-0.064,-2.689,2.142
1402,0.958,0.58,1.818,-1.626,4.024
1401,-0.529,-0.827,-0.212,-3.033,1.994
1400,0.107,-0.35,0.679,-2.557,2.885
1399,-0.826,-1.095,-0.645,-3.302,1.562
1398,-0.386,-0.566,-0.19,-2.772,2.017
1397,-0.328,-0.846,0.089,-3.053,2.296
1396,-1.447,-2.195,-0.771,-4.402,1.435
1395,-0.155,-0.793,0.469,-2.999,2.675
1394,-0.182,-0.7,0.168,-2.906,2.374
1393,0.419,-0.226,0.797,-2.432,3.003
1392,0.073,-0.5,0.436,-2.706,2.643
1391,0.101,-0.449,0.432,-2.656,2.638
1390,-0.299,-0.634,0.128,-2.84,2.335
1389,-0.864,-1.267,-0.649,-3.474,1.557
1388,0.142,-0.137,0.446,-2.343,2.652
1387,0.085,-0.407,0.42,-2.614,2.626
1386,0.346,-0.107,0.709,-2.313,2.916
1385,0.253,-0.29,0.732,-2.497,2.938
1384,-0.158,-0.733,0.138,-2.939,2.344
1383,0.287,-0.041,0.533,-2.247,2.739
1382,1.164,0.65,1.428,-1.557,3.634
1381,0.329,-0.333,0.784,-2.54,2.99
1380,0.025,-0.261,0.371,-2.467,2.578
1379,-0.577,-0.99,0.241,-3.196,2.448
1378,0.055,-0.241,0.592,-2.448,2.798
1377,0.716,0.356,1.017,-1.851,3.223
1376,0.833,0.367,1.109,-1.839,3.315
1375,-0.354,-0.654,-0.185,-2.861,2.021
1374,0.238,-0.139,0.575,-2.345,2.782
1373,-0.102,-0.427,0.12,-2.633,2.327
1372,-0.29,-0.566,-0.085,-2.772,2.122
1371,0.256,0.01,0.456,-2.196,2.662
1370,-0.692,-1.135,-0.364,-3.342,1.843
1369,0.679,0.127,1.107,-2.079,3.314
1368,-0.048,-0.237,0.448,-2.443,2.655
1367,-0.347,-0.603,-0.196,-2.809,2.011
1366,-0.238,-0.382,-0.083,-2.588,2.123
1365,-0.29,-0.736,-0.003,-2.942,2.203
1364,0.494,0.093,0.803,-2.113,3.009
1363,0.108,-0.235,0.727,-2.441,2.933
1362,-0.824,-1.18,-0.401,-3.386,1.805
1361,-0.46,-0.721,-0.256,-2.927,1.95
1360,-0.374,-0.725,0.146,-2.931,2.352
1359,-0.059,-0.397,0.147,-2.603,2.354
1358,-0.894,-1.702,-0.457,-3.908,1.749
1357,-0.358,-0.701,-0.018,-2.907,2.188
1356,0.2,-0.37,0.959,-2.576,3.165
1355,-0.238,-0.89,0.135,-3.096,2.342
1354,0.231,-0.066,0.637,-2.272,2.843
1353,0.373,0.048,0.936,-2.159,3.142
1352,0.162,-0.208,0.646,-2.415,2.852
1351,-0.157,-0.624,0.088,-2.83,2.294
1350,0.054,-0.306,0.309,-2.512,2.515
1349,-0.193,-0.739,0.126,-2.946,2.333
1348,-0.109,-0.654,0.197,-2.86,2.404
1347,-0.376,-1.065,0.013,-3.271,2.22
1346,-0.233,-0.844,0.105,-3.05,2.311
1345,0.621,-0.132,1.06,-2.338,3.267
1344,0.869,-0.038,1.431,-2.244,3.637
1343,-0.766,-1.693,-0.154,-3.9,2.052
1342,-0.818,-1.503,-0.22,-3.71,1.986
1341,0.306,-0.19,0.969,-2.396,3.175
1340,0.146,-0.602,0.935,-2.809,3.142
1339,-0.241,-0.648,0.31,-2.855,2.516
1338,0.385,-0.177,0.892,-2.384,3.098
1337,0.692,0.184,1.105,-2.023,3.311
1336,0.006,-0.371,0.44,-2.577,2.646
1335,0.212,-0.041,0.476,-2.248,2.682
1334,0.549,0.239,0.979,-1.967,3.185
1333,-0.232,-0.606,0.527,-2.812,2.733
1332,0.396,-0.136,1.238,-2.343,3.444
1331,0.402,0.056,0.765,-2.15,2.971
1330,0.534,0.004,0.81,-2.202,3.016
1329,0.438,0.007,0.784,-2.199,2.991
1328,0.786,0.493,1.023,-1.714,3.229
1327,-0.215,-0.73,0.163,-2.936,2.37
1326,-0.331,-1.265,0.147,-3.471,2.354
1325,-0.286,-0.685,0.203,-2.892,2.41
1324,-0.329,-0.703,0.03,-2.91,2.237
1323,0.318,-0.066,0.705,-2.272,2.912
1322,1.443,1.152,1.977,-1.054,4.183
1321,0.941,0.65,1.24,-1.556,3.446
1320,1.605,0.958,2.023,-1.248,4.229
1319,1.415,1.15,1.665,-1.056,3.871
1318,0.758,0.313,1.146,-1.893,3.352
1317,1.479,1.161,1.732,-1.046,3.939
1316,0.352,0.142,0.592,-2.064,2.798
1315,0.595,0.263,0.84,-1.943,3.046
1314,1.265,1.042,1.559,-1.165,3.766
1313,1.08,0.757,1.526,-1.45,3.732
1312,0.287,-0.16,0.684,-2.367,2.891
1311,0.204,-0.252,0.635,-2.459,2.841
1310,0.559,0.212,0.976,-1.994,3.182
1309,0.843,0.068,1.488,-2.138,3.694
1308,-0.655,-1.38,-0.221,-3.586,1.986
1307,-0.156,-0.624,0.267,-2.831,2.474
1306,-0.046,-0.378,0.247,-2.584,2.453
1305,0.146,-0.281,0.566,-2.488,2.773
1304,0.891,0.43,1.36,-1.776,3.567
1303,0.132,-0.215,0.587,-2.421,2.794
1302,0.715,0.199,1.274,-2.008,3.48
1301,-0.315,-0.652,0.126,-2.858,2.332
1300,-0.235,-0.614,0.208,-2.82,2.414
1299,-0.085,-0.45,0.378,-2.656,2.585
1298,0.948,0.554,1.263,-1.653,3.47
1297,-0.294,-0.697,0.02,-2.904,2.227
1296,0.782,0.406,1.045,-1.8,3.251
1295,0.536,0.109,0.844,-2.097,3.051
1294,1.045,0.755,1.303,-1.451,3.51
1293,1.252,0.945,1.526,-1.261,3.732
1292,0.618,-0.078,0.9,-2.284,3.106
1291,1.146,0.858,1.343,-1.348,3.549
1290,-0.119,-0.437,0.25,-2.643,2.456
1289,0.276,0.029,0.661,-2.177,2.868
1288,1.564,0.988,1.977,-1.219,4.183
1287,1.085,0.694,1.323,-1.512,3.529
1286,0.114,-0.197,0.343,-2.403,2.55
1285,0.805,0.512,1.128,-1.695,3.334
1284,1.315,1.067,1.684,-1.14,3.891
1283,0.502,-0.168,0.797,-2.374,3.004
1282,0.547,0.219,1.069,-1.987,3.275
1281,-0.383,-0.935,0.333,-3.141,2.539
1280,0.296,0.018,0.663,-2.189,2.869
1279,0.299,-0.078,0.6,-2.284,2.806
1278,0.434,0.02,0.975,-2.186,3.181
1277,1.072,0.774,1.526,-1.433,3.732
1276,0.645,0.275,0.997,-1.931,3.204
1275,-0.477,-0.938,0.037,-3.145,2.244
1274,0.314,0.007,0.703,-2.2,2.909
1273,0.429,0.051,0.801,-2.156,3.007
1272,0.009,-0.224,0.321,-2.43,2.527
1271,0.417,0.11,0.859,-2.096,3.065
1270,0.407,-0.223,0.786,-2.429,2.992
1269,-0.502,-0.936,-0.137,-3.143,2.07
1268,1.197,0.714,1.608,-1.492,3.814
1267,1.417,1.137,1.728,-1.069,3.935
1266,1.434,1.103,1.802,-1.104,4.009
1265,0.942,0.649,1.2,-1.557,3.406
1264,0.99,0.666,1.232,-1.54,3.439
1263,1.139,0.592,1.478,-1.615,3.684
1262,1.16,0.717,1.49,-1.489,3.696
1261,0.919,0.482,1.237,-1.724,3.443
1260,1.048,0.705,1.362,-1.501,3.568
1259,0.991,0.687,1.371,-1.52,3.577
1258,0.834,0.411,1.443,-1.796,3.649
1257,-0.283,-0.745,0.054,-2.951,2.26
1256,-0.047,-0.371,0.227,-2.578,2.433
1255,0.172,-0.253,0.594,-2.459,2.8
1254,-0.244,-1.28,0.416,-3.486,2.623
1253,0.441,-0.149,1.027,-2.356,3.233
1252,2.489,2.196,2.836,-0.01,5.042
1251,0.58,0.059,0.961,-2.147,3.167
1250,0.378,-0.65,0.853,-2.857,3.06
1249,0.428,-0.519,1.2,-2.726,3.407
1248,0.483,-0.137,0.927,-2.343,3.134
1247,1.388,1.013,1.614,-1.193,3.821
1246,0.864,0.175,1.137,-2.031,3.344
1245,0.212,-0.251,0.545,-2.458,2.751
1244,-0.234,-0.713,0.179,-2.919,2.386
1243,0.362,-0.286,0.773,-2.493,2.98
1242,-0.599,-1.171,-0.258,-3.378,1.949
1241,-0.165,-0.832,0.457,-3.038,2.664
1240,-0.374,-0.852,0.187,-3.058,2.394
1239,-0.235,-0.843,0.323,-3.049,2.529
1238,-0.054,-0.628,0.375,-2.834,2.582
1237,-0.499,-1.078,0.042,-3.284,2.249
1236,-0.07,-0.607,0.395,-2.813,2.602
1235,-0.049,-0.604,0.413,-2.811,2.619
1234,0.196,-0.306,0.572,-2.512,2.779
1233,-0.012,-0.607,0.394,-2.814,2.601
1232,-0.214,-0.556,0.184,-2.762,2.39
1231,0.146,-0.257,0.494,-2.463,2.7
1230,0.372,-0.072,0.614,-2.278,2.821
1229,1.252,0.82,1.706,-1.387,3.913
1228,0.24,-0.033,0.434,-2.24,2.64
1227,0.4,0.074,0.628,-2.132,2.834
1226,0.731,0.269,1.005,-1.937,3.211
1225,0.22,-0.39,0.51,-2.596,2.716
1224,-0.119,-0.817,0.453,-3.023,2.659
1223,-0.778,-1.636,-0.156,-3.842,2.05
1222,-0.506,-1.192,0.057,-3.398,2.263
1221,-0.346,-1.248,0.398,-3.454,2.604
1220,-0.644,-1.635,0.046,-3.841,2.253
1219,0.441,0.05,0.821,-2.157,3.027
1218,0.002,-0.717,0.634,-2.923,2.84
1217,0.047,-0.192,0.37,-2.399,2.577
1216,0.449,-0.124,0.813,-2.331,3.019
1215,0.512,0.282,0.718,-1.925,2.925
1214,0.667,0.306,0.912,-1.901,3.119
1213,0.459,0.144,0.8,-2.062,3.007
1212,-0.968,-1.441,-0.614,-3.647,1.592
1211,-0.234,-0.586,0.029,-2.792,2.235
1210,0.263,-0.335,0.63,-2.542,2.836
1209,-0.353,-0.631,-0.007,-2.837,2.2
1208,-0.806,-1.087,-0.513,-3.293,1.693
1207,0.015,-0.204,0.463,-2.411,2.669
1206,0.693,0.134,1.091,-2.072,3.297
1205,-0.58,-0.76,-0.383,-2.966,1.824
1204,-0.466,-1.013,0.339,-3.219,2.545
1203,-0.114,-0.823,0.554,-3.03,2.76
1202,-0.484,-1.008,0.078,-3.215,2.285
1201,-0.334,-0.703,0.314,-2.91,2.52
1200,0.428,-0.151,0.936,-2.357,3.142
1199,0.526,0.02,0.961,-2.186,3.167
1198,0.729,0.068,1.275,-2.138,3.481
1197,0.295,-0.131,0.757,-2.337,2.963
1196,0.945,0.439,1.566,-1.768,3.772
1195,0.88,0.451,1.347,-1.755,3.554
1194,0.456,-0.158,0.964,-2.364,3.17
1193,1.669,0.686,2.271,-1.52,4.477
1192,1.033,0.42,1.588,-1.786,3.794
1191,0.973,0.222,1.593,-1.985,3.799
1190,-0.061,-0.657,0.315,-2.863,2.522
1189,0.657,0.408,0.873,-1.799,3.079
1188,0.272,-0.103,0.47,-2.31,2.676
1187,0.25,-0.063,0.905,-2.269,3.111
1186,1.364,0.908,1.885,-1.298,4.091
1185,0.635,0.426,1.15,-1.78,3.356
1184,0.565,-0.016,1.19,-2.223,3.396
1183,0.431,0.182,0.896,-2.024,3.103
1182,-0.362,-0.643,-0.071,-2.85,2.135
1181,-0.152,-0.526,0.156,-2.732,2.363
1180,0.292,-0.373,1.235,-2.58,3.441
1179,-0.008,-0.372,0.578,-2.579,2.785
1178,0.265,-0.053,0.589,-2.26,2.796
1177,-0.292,-0.701,0.006,-2.907,2.213
1176,-0.744,-1.177,-0.316,-3.384,1.89
1175,-1.008,-1.369,-0.464,-3.575,1.742
1174,-0.121,-0.431,0.368,-2.638,2.574
1173,-0.266,-0.536,0.243,-2.742,2.449
1172,0.084,-0.3,0.624,-2.506,2.831
1171,0.811,0.163,1.516,-2.044,3.722
1170,-0.37,-0.811,0.297,-3.017,2.504
1169,1.412,0.999,2.131,-1.207,4.337
1168,0.3,-0.089,0.939,-2.296,3.145
1167,0.748,0.51,1.088,-1.697,3.294
1166,0.265,-0.285,0.649,-2.492,2.855
1165,1.331,0.644,1.674,-1.562,3.88
1164,0.867,0.082,1.318,-2.124,3.524
1163,0.284,-0.302,0.729,-2.508,2.936
1162,0.669,0.144,1.003,-2.062,3.209
1161,0.098,-0.316,0.46,-2.522,2.667
1160,-0.09,-0.496,0.189,-2.702,2.396
1159,0.27,-0.101,0.598,-2.308,2.805
1158,0.924,0.415,1.471,-1.791,3.677
1157,0.185,-0.126,0.594,-2.333,2.8
1156,0.832,0.269,1.45,-1.937,3.657
1155,0.356,-0.03,0.918,-2.236,3.124
1154,0.312,0.015,0.662,-2.191,2.869
1153,1.026,0.578,1.455,-1.628,3.661
1152,0.751,0.377,1.128,-1.829,3.335
1151,0.357,0.039,0.649,-2.168,2.855
1150,0.348,-0.084,0.586,-2.291,2.792
1149,1.952,1.338,2.382,-0.868,4.588
1148,0.235,-0.057,0.503,-2.263,2.71
1147,-0.725,-1.019,-0.418,-3.225,1.788
1146,-0.531,-0.954,-0.171,-3.16,2.035
1145,-0.621,-1.083,-0.329,-3.289,1.878
1144,-0.117,-0.51,0.159,-2.716,2.365
1143,0.233,-0.262,0.504,-2.469,2.71
1142,-0.265,-0.575,0.082,-2.782,2.288
1141,-0.54,-0.973,-0.018,-3.18,2.188
1140,0.187,-0.222,0.555,-2.428,2.762
1139,-0.629,-0.969,-0.152,-3.175,2.054
1138,-0.443,-0.877,-0.096,-3.083,2.111
1137,-0.699,-1.233,-0.277,-3.439,1.929
1136,0.116,-0.272,0.382,-2.479,2.588
1135,0.019,-0.281,0.298,-2.487,2.504
1134,-0.733,-1.325,-0.416,-3.531,1.791
1133,-0.4,-0.839,-0.106,-3.045,2.1
1132,-0.478,-1.066,-0.094,-3.272,2.113
1131,-0.501,-0.981,-0.085,-3.187,2.122
1130,-0.258,-0.603,-0.027,-2.81,2.179
1129,0.485,-0.021,0.828,-2.227,3.034
1128,-0.249,-0.694,0.127,-2.901,2.334
1127,-0.248,-0.764,0.079,-2.971,2.285
1126,-0.204,-0.626,0.27,-2.832,2.476
1125,-1.519,-1.907,-1.193,-4.113,1.014
1124,0.028,-0.456,0.312,-2.662,2.518
1123,-0.453,-0.845,-0.174,-3.051,2.033
1122,-1.498,-1.933,-0.702,-4.139,1.505
1121,0.207,-0.232,0.807,-2.438,3.013
1120,-0.567,-0.94,-0.118,-3.146,2.088
1119,0.062,-0.416,0.436,-2.622,2.642
1118,0.254,-0.228,0.746,-2.434,2.952
1117,-0.599,-1.012,-0.095,-3.219,2.111
1116,0.055,-0.311,0.426,-2.517,2.632
1115,-0.496,-0.818,-0.118,-3.024,2.089
1114,0.195,-0.302,1.171,-2.508,3.377
1113,0.027,-0.254,0.594,-2.461,2.801
1112,-0.597,-1.004,-0.302,-3.211,1.904
1111,0.018,-0.224,0.204,-2.43,2.41
1110,0.148,-0.163,0.446,-2.37,2.652
1109,-0.07,-0.507,0.315,-2.714,2.521
1108,0.1,-0.319,0.37,-2.525,2.576
1107,-0.145,-0.608,0.261,-2.815,2.468
1106,0.141,-0.152,0.728,-2.359,2.935
1105,0.988,0.575,1.443,-1.632,3.649
1104,-0.646,-1.035,-0.351,-3.241,1.855
1103,-0.398,-0.866,-0.064,-3.073,2.142
1102,-0.539,-0.927,0.071,-3.134,2.277
1101,0.125,-0.205,0.874,-2.412,3.08
1100,0.105,-0.314,0.403,-2.521,2.609
1099,-0.393,-0.832,-0.077,-3.038,2.129
1098,-0.65,-0.998,-0.281,-3.204,1.925
1097,0.16,-0.15,0.492,-2.356,2.698
1096,-0.257,-0.736,0.06,-2.942,2.266
1095,-0.14,-0.533,0.128,-2.739,2.335
1094,-0.367,-0.815,-0.02,-3.021,2.186
1093,1.02,0.569,1.335,-1.637,3.541
1092,0.039,-0.244,0.201,-2.45,2.408
1091,0.261,0.022,0.551,-2.184,2.757
1090,-0.217,-0.626,-0.034,-2.833,2.172
1089,-0.232,-0.595,0.106,-2.802,2.312
1088,-0.45,-0.848,-0.193,-3.055,2.013
1087,-0.69,-1.152,-0.367,-3.358,1.839
1086,-0.059,-0.506,0.194,-2.712,2.401
1085,0.478,0.099,0.867,-2.107,3.073
1084,-0.257,-0.562,-0.079,-2.769,2.127
1083,-0.18,-0.436,0.078,-2.642,2.284
1082,-1.391,-1.727,-1.037,-3.933,1.169
1081,-1.725,-2.158,-1.282,-4.365,0.925
1080,-1.247,-1.712,-0.626,-3.918,1.58
1079,-0.89,-1.272,-0.248,-3.479,1.958
1078,-0.384,-0.86,0.167,-3.066,2.373
1077,-0.297,-0.752,0.236,-2.959,2.442
1076,-0.757,-1.257,-0.264,-3.463,1.942
1075,-1.702,-1.998,-1.305,-4.204,0.901
1074,-0.86,-1.251,-0.448,-3.457,1.758
1073,-1.685,-2.195,-0.981,-4.401,1.225
1072,-1.579,-1.939,-1.175,-4.145,1.031
1071,-1.119,-1.384,-0.886,-3.59,1.321
1070,-1.138,-1.44,-0.738,-3.646,1.468
1069,-1.28,-1.653,-0.976,-3.859,1.23
1068,-0.6,-1.043,-0.328,-3.25,1.878
1067,-0.98,-1.719,-0.45,-3.926,1.756
1066,-1.258,-1.719,-0.94,-3.925,1.266
1065,-1.015,-1.476,-0.603,-3.683,1.603
1064,-0.504,-0.974,-0.083,-3.181,2.124
1063,-1.088,-1.504,-0.597,-3.71,1.609
1062,-1.615,-2.211,-1.163,-4.417,1.043
1061,-1.478,-1.742,-1.252,-3.949,0.954
1060,-0.63,-1.046,0.002,-3.253,2.209
1059,-1.178,-1.798,-0.702,-4.005,1.505
1058,-0.836,-1.405,-0.018,-3.612,2.188
1057,-1.764,-2.248,-1.445,-4.454,0.762
1056,-1.448,-1.955,-1.066,-4.161,1.14
1055,-0.94,-1.421,-0.402,-3.627,1.804
1054,-1.512,-2.093,-1.121,-4.3,1.086
1053,-2.024,-2.6,-1.665,-4.806,0.541
1052,-0.641,-1.094,-0.188,-3.3,2.018
1051,-1.278,-1.69,-0.871,-3.897,1.335
1050,-1.894,-2.151,-1.581,-4.357,0.625
1049,-1.931,-2.247,-1.579,-4.453,0.628
